Question ID,Questions (Source = Google),Questions (Source = John Hopkins),Question (Source = IDPH),Question (Source = UN),Question (Source = FDA),Question (Source = CNN),Question (Source = CDC),Question (Source = GitHub),Question (Source = WJLA),Question (Source = Bing),Question (Source = Yahoo)
1,"are covid cases declining, are covid cases going down, are covid numbers going down, did covid peak, has covid peaked, have covid cases peaked, have covid cases gone down, have covid numbers going down, is covid slowing down, are covid cases dropping, are covid cases going down, did covid peak, has covid peaked, has covid slowed down, have covid cases gone down, have covid cases peaked, have covid deaths peaked, is covid slowing down, did covid peak, is covid getting worse, has covid peaked, has covid slowed down",,,,,,,,,"are covid cases declining, are covid numbers increasing, are covid cases decreasing, did covid peak, have covid cases peaked",
2,"are covid tests free, are covid test free",,,,,,,,,,are covid tests free
3,are covid deaths accurate ,,,,,,,,,,
4,"are covid antibody tests accurate, are covid tests accurate, do covid antibody tests work, which covid test is most accurate, which covid test is best, which covid antibody tests are accurate, which covid test is more accurate, are covid tests accurate, are covid antibody tests accurate, who covid antibodies ",,,,,,,,,are covid tests reliable,"are covid test accurate, are covid tests reliable"
5,"can covid live on food, can covid be transmitted through food, can covid live on food, can covid live on food, can covid spread through food, can covid live on food, can covid be transmitted through food ",Is it safe to order take-out,,,"Can I get the covid from food food packaging or food containers and preparation area, Can I get covid from a food worker handling my food, Are food products produced in the United States or other countries affected by COVID- 19 a risk for the spread of covid ",Can I get covid through food ,"Can the virus that causes covid be spread through food, Can I get sick with covid if it is on food ",,,can covid live on food,"can covid be transmitted through food, can covid live on food"
6,"can covid live in water, can covid spread through water, can covid live in water ",,,,,Can covid spread through water ,,,,,
7,"can covid mutate, is covid mutating, will covid mutate, did covid mutate, does covid mutate, has covid mutated, will covid mutate, can covid mutate, has covid mutated, will covid mutate ",,,,,,,,,"can covid mutate, did covid mutate, had covid mutated","can covid mutate, did covid mutate, has covid mutated, has covid mutated, is covid mutating, will covid mutate"
8,"can covid live in the freezer, can covid survive in heat, can covid live in freezer, does covid die in freezer, does covid survive in freezer, can covid live in the freezer ",Can covid live in heat,,,,"Can high or low temperatures kill covid, Can the heat from a hand dryer kill covid ",What temperature kills the virus that causes covid ,,,"can covid survive cold, does covid survive freezing","can covid live in freezer, does covid die in heat"
9,can covid be transmitted by mosquitoes ,,,,,Can mosquitoes transmit covid,Can mosquitoes or ticks spread the virus that causes covid ,,,,
10,can covid cause a stroke ,,,,,Is it true young people with covid are also having blood clots and strokes ,,,,,
11,"did covid come from bats, did covid come from animals, did covid come from eating bats, did covid start with bats, where covid came from, where covid started, where covid really come from, where covid come from, why covid, did covid come from a bat, did covid come from animals, did covid come from snakes, why covid happened, did covid come from bats, did covid come from eating bats, did covid come from animals, did covid start with bats ",,,,,,,In what species did the covid virus likely originate,,"did covid come from bats, why covid, why covid, why covid","did covid come from bats, did covid come from a bat, did covid start with a bat, did covid come from animals, did covid come from bats, how covid started, why covid"
12,"did covid come from a lab, did covid come from a lab, did covid come from a lab, was covid made in a lab ",,,,,,,,,"did covid start in a lab, was covid engineered, was covid man made, was covid engineered, was covid manufactured","did covid escape from a research lab, is covid man-made, is covid a bioweapon, was covid created in a lab, was covid man-made, was covid engineered, was covid weaponized, was covid manufactured, was covid a bio weapon"
13,do covid symptoms linger ,,,,,,,,,,
14,do covid toes itch ,,,,,,,,,,
15,"do covid antibodies provide immunity, who covid immunity, do covid antibodies mean immunity, do covid antibodies confer immunity, who covid immunity ",,,,,Will an antibody test show whether I’m immune and can go back to work ,,,,,
16,do covid deaths have to be cremated ,,,,,,,,,,
17,"who covid symptoms, what covid symptoms, who covid symptoms ",,What are the symptoms of COVID-2019,,,,What are the symptoms and complications that covid can cause,"What symptoms might people experience with covid, What are the most common symptoms of covid",What are the symptoms of covid,,what are the symptoms of covid
18,"where covid started, where covid come from, where covid came from,  where covid originated, where covid really come from, where covid came from, where covid come from, where covid started ",,What is the source of the virus,,,,What is the source of the virus ,Where did covid originate,,"where covid started, where covid start, where covid originated, where covid came from, where covid originate","where covid come from, where covid came from, where covid started"
19,"has covid been in humans for years, has covid been around longer ",,,,,,,What COVs were known to infect humans before December 2019,,,"has covid been around for a while, has covid always existed"
20,"have covid checks gone out yet, have covid checks been sent, have covid checks gone out, have covid checks been issued, when covid stimulus checks, have covid checks gone out, have covid checks been mailed, have covid checks been sent, have covid checks been sent, have covid checks been issued, when covid checks from government ",,,,,,,,,"have covid checks been sent, when covid checks",
21,"how covid kills, which covid symptoms lead to death, how covid kills, why covid kills, will covid kill me, will covid kill me ",,,,,,,,,"how covid kills, how covid kills",how covid- 19 kills
22,"how covid is transmitted, how covid spreads ",,How does covid spread,,,How does this covid spread,How does the virus spread ,"How does covid get spread, What are ways in which covid is transmitted, How is covid transmitted, How can the covid spread, How is covid spread",How does covid spread,"how covid spreads, how covid spreads","how covid spreads, how covid spreads"
23,"how covid will change the world, how covid will change the world ",,,,,,,,,,
24,"how covid started, how covid started, how covid starts ",,,,,,,,,how covid started,
25,"how covid works, what covid does to the body, how covid works, how covid attacks the body, what covid does, what covid do, what covid does to your body ",,,,,,,,,,"how covid affects the body, how covid works"
26,"how covid is tested, how covid test is done, how covid test is done ",,How is covid diagnosed,,,,What kind of test is being used to diagnose if I have covid ,"What kind of test can diagnose covid, In addition to oral swabs which tests detected the presence of covid virus",,,
27,"is covid airborne, is covid airborne, is covid airborne, is covid in the air, who covid airborne, who covid airborne ",,,Can the virus that causes covid be transmitted through the air ,,Can covid travel by wind ,,,Can the virus that causes covid be transmitted through the air,is covid airborne,"is covid airborne, is covid airborne or droplet"
28,is covid a pandemic ,,,,,,,,,,
29,"is covid worse than the flu, why covid is worse than flu, why covid is worse than the flu, is covid worse than flu, why covid is worse than flu ",,,,,"Why worry about covid when the flu kills so many people, Is covid more contagious than the flu ",,,,,"is covid worse than the flu, why covid is worse than the flu"
30,is covid a flu ,,,,,,,,,,
31,is covid a disease ,,,,,,,,,,
32,"should covid patients be intubated, should covid patients be ventilated, should covid patients be on ventilators ",,,,,,,,,do covid patients on ventilators recover,
33,should covid be reported on the death certificate ,,,,,,,,,,
34,should covid death be cremated ,,,,,,Am I at risk if I touch someone who died of covid after they have passed away ,,,,
35,should covid patients get tracheostomy ,,,,,,,,,,
36, when covid started,,,,,,,"When was the first local transmission of COVID reported in the United States, When was the first case of covid confirmed in the USA",,"when covid start, when covid start",when covid start
37,"was covid planned, was covid planned",,,,,,,,,,
38,"was covid man made, was covid created, was covid man made, was covid created ",,,,,,,,,,
39,"what covid, what covid means, what covid stands for, why covid name, are covid and covid the same, why covid called covid, why covid name ",Why is it called a covid,What is 2019 Novel covid (covid),,What is covid disease 2019 (covid),,Why is the disease being called covid disease 2019 covid ,,What is covid,"what is covid, what covid, what covid stand for, what covid means","how covid got its name, what is covid, what is covid stand for, why covid called novel, why covid name"
40,"what covid looks like, what covid looks like ",,,,,,,,,,
41,"what covid feels like, what covid feels like ",,,,,,,,,"what covid feels like, what covid feels like",
42,"when covid will end, when covid is over, when covid ends, will covid ever end, will covid go away, how covid will end, when covid ends, when covid will end, when covid over, when covid lockdown ends, when covid will be over, will covid end, will covid ever go away, when covid will end, will covid end, will covid end soon, will covid ever end",,,,,"What are the odds that the US can reopen by May 1, How long will we have to keep social distancing",,,,"when covid end, when covid will end, will covid disappear, will covid ever end, will covid ever end","when covid will stop, when covid ends, when covid will end, will covid be gone by summer, will covid die out, will covid go away in spring, will covid end, will covid end"
43,when covid vaccine ,,Is there a vaccine,,Are there any vaccines or other medical products to prevent covid ,,,,Is there a vaccine drug or treatment for covid,,
44,"which covid model is most accurate, which covid model is best ",,,,,,,,,,
50,"why covid testing is important, why covid testing ",,,,If antibody tests are not used for diagnosis or exclusion of covid infection what is their purpose ,,,,,,
51,why covid is worse in us ,,,,,Why is the US so far behind other countries with testing,,,,,
53,"will covid come back in the fall, will covid go away in the summer, will covid be seasonal, does covid die in sunlight, will covid end in summer, will covid come back in the fall, will covid be seasonal ",,,Is there a connection between COVID -19 and environment temperature ,,,Will warm weather stop the outbreak of covid ,,,,"is covid seasonal, will covid come back in the fall, will covid be seasonal"
54,"will covid get worse, will covid get worse, will covid get worse ",,,,,,,,,,
55,will covid come back,,,,,,,,,will covid return next year,will covid be a problem next year
56,"world covid death toll, who covid deaths, who covid mortality rate ",What is covid fatality rate,,,,,,What percentage of people infected with SARS-CoV died,,,
57,are covid tests available ,,,How can I get tested for covid ,"Is there a test for covid, How are people tested for covid, Are there any tests that I can purchase to test myself at home for covid",,Where can I get tested for covid ,,,are covid tests available,"are covid tests available, where to get tested for covid, where can I get tested for covid"
58,"can covid live on hair, can covid live on hair ",,,,,,,,,,
59,can covid be transmitted through sex ,,,,,,,,,,
60,"can covid be cured, do covid have cure ",,,,,,,,,"can covid be cured, do covid have a cure",
61,"do covid symptoms come and go, do covid symptoms come on suddenly, do covid symptoms come on quickly, does covid go away ",,,,,,,,,do covid symptoms come on fast,"are covid symptoms sudden, do covid symptoms come and go, do covid symptoms come on quickly, do covid symptoms come and go"
62,had covid in december ,,,,,,,,,"had covid in january, had covid in november",
63,had covid for a month ,,,,,,,,,,
64,has covid reached us ,,,,,,,,,,
65,"is covid deadly, is covid that bad ",,,,,If infected with covid can you survive it and recover ,,,Should I worry about covid ,had covid and recovered,
66,should covid be capitalized ,,,,,,,,,"should covid be capitalized, should covid be all caps",
67,"was covid predicted, was covid predicted ",,,,,,,,,was covid predicted,was covid predicted
68,which covid is in china ,,,,,,,,,,
69,which covid kills human ,,,,,,,,,,
70,who covid test kits ,,,,,,,,,,
71,why covid lockdown ,,,,,Should all Americans be under stay-at-home orders,,,,,
72,why covid in italy ,,,,,,,,,,
73,why covid so bad in italy ,,,,,,,,,,
74,will covid come back,,,,,,,,,,
75,"can covid live on paper, does covid live on clothes, was covid found in toilet paper ",Can covid live on objects,,"How long does the virus survive on surfaces, Is it safe to receive a package from an area where covid has been reported",,"Do I need to wash my clothes right after encountering other people, Can you get covid from touching money, How long does covid stay “alive” on surfaces, Should I disinfect my groceries, Can I get covid from a package sent from China",Am I at risk for covid from mail packages or products,,"How long does the virus survive on surfaces, Is it safe to receive a package from any area where covid has been reported","can covid live on surfaces, does covid live on surfaces","can covid live on surfaces, can covid live on paper, can covid be sent through the mail, can covid live on clothes, does covid live on paper"
76,what did medicare cover 1965 ,,,,,,,,,,
77,have covid checks been deposited ,,,,,,,,,,
78,what does title 19 cover in oklahoma ,,,,,,,,,,
79,,Should I get a face mask,Should I wear a facemask,"Should I use a mask, Until when should I wear a mask after recovering from an illness with respiratory symptoms","Should I wear a face covering or face mask when I go out in public, Should I purchase personal protective equipment for me and my family",Should I wear a face mask in public,"Does CDC recommend the use of facemask or face coverings to prevent covid, Should children wear masks ",,Should I wear a mask to protect myself,,
80,,Can I make my own hand sanitizer,,,If I can't find hand sanitizer in the store can I make my own,Can I use vodka as hand sanitizer,Should I make my own hand sanitizer if I can’t find it in the stores ,,,,
81,,Is grocery shopping safe during the covid pandemic,Can I go to the supermarket,,What are the most important things I need to know to keep myself and others safe when I go to the grocery store during the pandemic ,,,,,,
82,,Should I stop going to the gym,,,,,,,,,
83,,Should I cancel my trip,,,,If I have a weakened immune system should I cancel my travel plans ,,,,,
84,,Can humans get covid from dogs or cats,"Can I get covid from my pet, Can animals carry the virus that causes covid on their skin or fur",Can humans become infected with the covid from an animal source ,"Can I get covid from my pet or other animals, What animal species can get covid, Is it safe to adopt pets from a shelter or rescue ",,"Can I get covid from my pets or other animals, Can animals carry the virus that causes covid on their skin or fur, Are pets from a shelter safe to adopt ",,,,
85,,What’s the difference between the new covid and other covides,,,,,,,,,
86,,,What does it mean that covid is a Global Pandemic,,,,,,,who covid pandemic,
87,,,Can someone spread the virus without being sick,Can I catch the virus from being in an enclosed space in close proximity to someone who doesn’t have respiratory symptoms ,,How can someone spread covid when asymptomatic ,,,Can covid be caught from a person who has no symptoms,,are covid carriers contagious
88,,,What does the Governor’s stay at home order mean,,,,,,,,
89,,,What is social distancing,,,,,,,,
90,,,Can I go outdoors,,,,Can I walk my dog ,,,,
91,,,What steps should parents take to protect children,,,,,,,,
92,,,Who is at higher risk,"How likely am I to catch covid, Are pregnant women more susceptible to the covid virus and will it harm the fetus, What is the risk of my child becoming sick with covid","Am I at risk for serious complications from covid if I smoke cigarettes, If I vape tobacco or nicotine am I at risk for complications from covid","Are smokers or vapers at higher risk, Are kids more at risk, Is covid especially harmful for pregnant women","What is the risk of my child becoming sick with covid, Is my child with an underlying medical condition or special healthcare need at higher risk for severe illness from covid, Who is at higher risk for serious illness from covid, Are people with disabilities at higher risk ","For whom does the covid pose a great threat, Who is at greater risk of dying from covid, How does being a smoker impact covid patient outcomes","How likely am I to catch covid, Who is at risk of developing severe illness",who is covid killing,
93,,,Should I clean “high touch” surfaces,,,,,,,,
94,,,What are the treatments for covid,,"What treatments are available for covid, Are there any FDA-approved drug products or medicines to treat covid",,,,,,are covid treatments working in nyc
95,,,What should health care providers laboratories and health departments do,,,,,What are the steps that a hospital should take after covid outbreak,,,
96,,,,How do I know if it is covid or just the common flu ,,,,,,,
97,,,,What can I do to protect myself and prevent the spread of disease ,How can I prevent covid ,What’s the best way to prevent covid,,,What can I do to protect myself and prevent the spread of disease,,
98,,,,How long is the incubation period for covid ,,,,How long is the incubation time for covid,How long is the incubation period for covid,,
99,,,,What alternatives do I have if there are no hand sanitizers available,What do I do if I get a rash or other reaction to hand sanitizer ,,,,,,
100,,,,Can people who recover from covid be infected again ,,After recovering from covid does a person have long-term immunity to the virus ,If I have recovered from covid will I be immune to it ,,,,"are covid survivors immune, can covid reinfect"
101,,,,Should I start avoiding people of Asian descent and their businesses ,,,,,,,
102,,,,"When should we identify ourselves as ""being sick"" and stay at home ",,Should I go to work,Should I go to work if there is an outbreak in my community ,,,,
103,,,,,Can disinfectant sprays or wipes be used on my skin injected inhaled or ingested to prevent or treat covid ,"Will ingesting or injecting disinfectants protect me against covid or kill covid if I already have it, Should I spray myself or my kids with disinfectant",,,,,
104,,,,,Where can I buy hand sanitizer,,,,,,
105,,,,,Where can I report websites selling fraudulent medical products ,,,,,,
106,,,,,What is a biological medical product or a biologic ,,,,,,
107,,,,,Does covid present a risk to the safety of the nation’s blood supply ,,,,,,
108,,,,,"What steps are being taken to protect the U.S. blood supply from the virus that causes covid, Is it safe for me to donate blood during the covid pandemic",,,,,,
109,,,,,Why aren’t blood centers testing donors for covid ,,,,,,
110,,,,,What is convalescent plasma ,,,,,,
111,,,,,Can covid be transmitted through human cells tissues or cellular and tissue- based products (HCT/Ps) ,,,,,,
112,,,,,Why is convalescent plasma being investigated to treat covid,,,,,,
113,,,,,can I donate convalescent plasma ,,,,,,
114,,,,,Are antibiotics effective in preventing or treating covid ,If a covid patient progresses to pneumonia what antibiotics if any have proven to be effective ,,,Are antibiotics effective in preventing or treating the covid,,
115,,,,,Will Miracle Mineral Solution (MMS) cure covid ,,,,,,
116,,,,,"Are chloroquine phosphate or hydroxychloroquine sulfate approved by the FDA to treat covid, Are there data showing that chloroquine phosphate or hydroxychloroquine sulfate might benefit patients with covid",,,"In vitro comparison of antiviral activity of Chloroquine(CQ) and Hydroxychloroquine(HCQ) against covid, What is the effect of Chloroquine(CQ) and Hydroxychloroquine(HCQ) on endosomal maturation and endocytosis in covid treatment, Evidence of Hydroxychloroquine(HCQ) being anti inflammatory in covid critically ill patients with elevated plasma cytokines",,,
117,,,,,May health care providers prescribe chloroquine phosphate or hydroxychloroquine sulfate off-label to treat patients with covid ,,,,,,
118,,,,,Should I take ivermectin to prevent or treat covid ,,,,,,
119,,,,,What is the FDA doing to protect people from fraudulent covid products ,,,,,,
120,,,,,Are there going to be drug shortages due to drug manufacturer facility closures in China ,,,,,,
121,,,,,Am I at risk for covid from taking FDA-approved drugs made in China,,,,,,
122,,,,,Who should I contact with drug-related questions ,,,,,,
123,,,,,Is there a shortage of personal protective equipment or of ventilators ,,,,,,
124,,,,,Can 3D printing be used to make PPE ,,,,,,
125,,,,,Who should I contact if I have questions about medical devices or need more information ,,,,,,
126,,,,,"Will there be food shortages, Will there be animal food shortages, Is the U.S. food supply safe, Is the U.S. animal food supply safe",,,,,,
127,,,,,Should food workers who are ill stay home ,,,,,,
128,,,,,Should food facilities perform any special cleaning or sanitation procedures for covid ,,,,,,
129,,,,,Is there a test for covid in pets ,,,,,,
130,,,,,Should I get my pet tested for covid ,,Do I need to get my pet tested for covid,,,,
131,,,,,Are there any approved products that can prevent or treat covid in animals ,,,,,,
132,,,,,Is it true that animals get their own different types of covid ,,,,,,
133,,,,,If my pet previously had a species-specific covid does that make them more or less likely to get covid ,,,,,,
134,,,,,If my pet has been vaccinated for species-specific covid does that make them more or less likely to get covid ,,,,,,
135,,,,,Are there going to be any animal drug shortages due to the covid outbreak ,,,,,,
136,,,,,,Should I stop wearing contacts and switch to glasses ,Should contact lens wearers take special precautions to prevent covid ,,,,
137,,,,,,Can you safely reuse a non-cloth mask that you can’t wash ,,,,,
138,,,,,,Why can’t we just test everyone in the US ,,,,,
139,,,,,,If novel covid antibodies may or may not offer long-term immunity how would a vaccine help ,,,,,
140,,,,,,Are some blood types able to fight this covid better than other blood types ,,,,,
141,,,,,,Why is a cure taking so long,,,,,
142,,,,,,Does this pandemic have anything to do with the 5G network ,,,,,
143,,,,,,Will a pneumonia or flu vaccine help protect against covid,,,,,
144,,,,,,Why are medical workers getting sick with or dying from covid if they’re wearing protective gear ,,Why exposure risk of covid is very high for ICU staff and what precautions should be taken,,,
145,,,,,,Can I have the flu and covid at the same time,,Is it possible to get infected with COVID and another virus,,,
146,,,,,,How many people with covid don't have symptoms ,,,,,
147,,,,,,If there’s no cure why go to the hospital unless you have a breathing problem ,,,,,
148,,,,,,Is the water supply at risk ,,,,,
149,,,,,,If people can spread the virus without showing any symptoms how can I tell who’s infected and who’s not ,,,,,
150,,,,,,How long is someone contagious after getting covid,Can someone who has had covid spread the illness to others ,,,,
151,,,,,,What exactly does 'older' adults mean,,,,,
152,,,,,,What can I do if my loved one suspects they have covid ,"What if my child or someone else in the home is sick with symptoms of covid, What should I do if someone in my house gets sick with covid ",,,,
153,,,,,,Should I stock up on extra food and supplies,,,,,
154,,,,,,Should I avoid public transportation,,,,,
155,,,,,,How do I stay healthy while using Uber or Lyft,,,,,
156,,,,,,Is it safe for me to vote at a polling location,,,,,
157,,,,,,Can I be fired if I stay home sick ,,,,,
158,,,,,,What happens when workers don't get paid sick leave,,,,,
159,,,,,,Can managers send a sick worker home ,,,,,
160,,,,,,If traveling on a plane how do I stay safe,,,,,
161,,,,,,Since a plane's cabin keeps circulating air will I get sick if another passenger is sick,,,,,
162,,,,,,What do I do if I think I’m sick,,,,have covid,
163,,,,,,I’ve heard that home remedies can cure or prevent the virus. Is that true ,,,,,
164,,,,,,How long does it take to recover,,,,,
165,,,,,,Why waste a test kit on a person without symptoms,,,,,
166,,,,,,,What is a novel covid,"What are covides, What are covides",,,what is covid virus
167,,,,,,,Why might someone blame or avoid individuals and groups (create stigma) because of covid ,,,,
168,,,,,,,How can people help stop stigma related to covid ,,,,
169,,,,,,,Why do some state’s covid case numbers sometimes differ from what is posted on CDC’s website ,,,,
170,,,,,,,How do CDC’s covid case numbers compare with those provided by the World Health Organization (WHO) or Johns Hopkins ,,,,
171,,,,,,,Why do the number of cases for previous days increase ,,,,
172,,,,,,,Why are we seeing a rise in cases ,,,,
173,,,,,,,Can someone who has been quarantined for covid spread the illness to others ,,,,
174,,,,,,,What is community spread ,,,,
175,,,,,,,Is contact lens disinfecting solution effective against covid ,,,,
176,,,,,,,"How can I protect my child from covid infection, What steps should parents take to protect children during a community outbreak ",,,,
177,,,,,,,Are the symptoms of covid different in children than in adults ,,,,
178,,,,,,,How do I prepare my children in case of covid outbreak in our community ,,,,
179,,,,,,,While school’s out can my child hang out with their friends,,,,
180,,,,,,,"While school’s out how can I help my child continue learning, How can I prepare in case my child’s school child care facility or university is dismissed ",,,,
181,,,,,,,While school’s out will kids have access to meals ,,,,
182,,,,,,,What can I do if my child has difficulties adjusting to new routines and following recommendations ,,,,
183,,,,,,,How can my family cope with the added stress ,,,,
184,,,,,,,What if my child’s symptoms of their underlying medical condition or complex chronic medical condition get worse ,,,,
185,,,,,,,What if my child needs to go to the hospital,,,,
186,,,,,,,"What steps can my family take to reduce our risk of getting covid, How can my family and I prepare for covid",,,,
187,,,,,,,How can I prepare for covid at work ,,,,
188,,,,,,,"Should I use soap and water or a hand sanitizer to protect against covid, What cleaning products should I use to protect against covid ",,,,
189,,,,,,,What should I do if there is an outbreak in my community,,,,
190,,,,,,,Will schools be dismissed if there is an outbreak in my community ,,,,
191,,,,,,,Can CDC tell me or my employer when it is safe for me to go back to work/school after recovering from or being exposed to covid,,,,
192,,,,,,,Should I be tested for covid ,,,,when to get tested for covid
193,,,,,,,Can a person test negative and later test positive for covid ,,,,
194,,,,,,,What is serology testing And can I be tested using this method ,,,,
195,,,,,,,What should people at higher risk of serious illness with covid do ,,,,
196,,,,,,,Are there any medications I should avoid taking if I have covid ,,,,
197,,,,,,,What about underlying medical conditions that are not included on this list ,,,,
198,,,,,,,What does a well-controlled health condition mean ,,,,
199,,,,,,,What does more severe illness mean ,,,,
200,,,,,,,Am I at risk if I go to a funeral or visitation service for someone who died of covid ,,,,
201,,,,,,,What do funeral home workers need to know about handling decedents who had covid ,,,,
202,,,,,,,"What should I do if my family member died from covid while overseas, My family member died from covid while overseas. What are the requirements for returning the body to the United States ",,,,
203,,,,,,,What is CDC doing about covid ,,,,
204,,,,,,,What is the difference between cleaning and disinfecting ,,,,
205,,,,,,,What is routine cleaning,,,,
206,,,,,,,How frequently should facilities be cleaned to reduce the potential spread of covid ,,,,
207,,,,,,,Is cleaning alone effective against the virus that causes covid ,,,,
208,,,,,,,Who should clean and disinfect community spaces ,,,,
209,,,,,,,How long do companies need to close for disinfection after an exposure,,,,
210,,,,,,,How effective are alternative disinfection methods,,,would microwave kill covid,
211,,,,,,,How long before other workers can come back to work ,,,,
212,,,,,,,Should outdoor playgrounds be cleaned and disinfected to prevent covid ,,,,
213,,,,,,,Can sanitizing tunnels be used at building entrances or exits to prevent the spread of covid ,,,,
214,,,,,,,Should sidewalks and roads be disinfected to prevent covid ,,,,
215,,,,,,,Should I avoid contact with pets or other animals if I am sick with covid ,,,,
216,,,,,,,What animals can get covid ,What animals can carry covid,,does covid kill animals,"which animals are immune covid, which animal gave covid"
217,,,,,,,What should I do if my pet gets sick and I think it’s covid ,,,,
218,,,,,,,Why are animals being tested when many people can’t get tested ,,,,
219,,,,,,,Are import animals and animal products safe,,,,
220,,,,,,,What precautions should be taken for animals that have recently been imported from outside the United States,,,,
221,,,,,,,"Can wild animals spread the virus that causes covid to people or pets, Can bats in United States spread covid back to people ",,,,
22,,,,,,,,When was the Middle East Respiratory Syndrome covid isolated first,,,
223,,,,,,,,Which medical comorbidities most profoundly influenced MERS-CoV outcomes,,,
224,,,,,,,,"What is the size of bovine covid, What is the molecular structure of bovine covid",,,
225,,,,,,,,What is the estimated R0 of covid,,,
226,,,,,,,,What is the relationship between SARS-CoV and acute lung injury (ALI),,,
227,,,,,,,,"What is the relationship between the presence of virus in anal swabs and disease severity in covid, What could be the implication of covid virus in anal swabs",,,
228,,,,,,,,What is a key assumption of a semi-mechanistic Bayesian hierarchical model used for covid,,,
229,,,,,,,,What is the genus of the SARS covid,,,
230,,,,,,,,What will be the drug of choice for treating covid between Chloroquine and Remdesivir,,,
231,,,,,,,,What was the read coverage for the E-30 genome in this study,,,
232,,,,,,,,What is important for understanding the origin and evolution of this novel lineage B betacovid,,,
233,,,,,,,,Why might we underestimate the spread of covid,,,
234,,,,,,,,What is the relation between the newcovid and the conserved orf8,,,
235,,,,,,,,Where does the NLRP3 inflammasome activate after a SARS-CoV infection,,,
236,,,,,,,,What was the fatality rate of the SARS covid outbreak between November 2002 and July 2003,,,
237,,,,,,,,How many nucleotides does bovine covid contain,,,
238,,,,,,,,Why is there no credible evidence to support the claim that the covid is derived from the chimeric SL-SHC014-MA15 virus,,,
239,,,,,,,,What was a characteristic of SARS-CoV and MERS-CoV specimens collected from the lower respiratory tract such as sputum and tracheal aspirates,,,
240,,,,,,,,What's the recommended method to disinfect floors for covid,,,
241,,,,,,,,"What illness is caused by the covid covid, What is the name of the disease caused buy covid",,,
242,,,,,,,,What does the orf8 derived from covid belong to,,,
243,,,,,,,,What is the conclusion of the covid long-term surveillance studies,,,
244,,,,,,,,What percentage of people infected with MERS-CoV died,,,
245,,,,,,,,How many COVID deaths occurred in Chinese mainland as of March 11th,,,
246,,,,,,,,What other tests should be considered for covid epidemiology,,,
247,,,,,,,,What viruses are similar to the covid covid,,,
248,,,,,,,,What tests should be done before a covid infected patient is discharged,,,
249,,,,,,,,Why early identification of covid patients can be difficult,,,
250,,,,,,,,When did we discover that covid was a novel covid,,,
251,,,,,,,,What is the incubation period for MERS-COV,,,
252,,,,,,,,When did the United States declare covid a public health emergency,,,
253,,,,,,,,What is the acronym MERS-CoV,,,
254,,,,,,,,How long did it take China to build the temporary hospital in Wuhan for covid patients,,,
255,,,,,,,,Where was hepcidin first discovered,,,
256,,,,,,,,How many people did SARS-CoV infect,,,
257,,,,,,,,Which Human covid showed species specific clinical characteristics of its infection,,,
258,,,,,,,,How does gender influence MERS-COV infection,,,
259,,,,,,,,What test could give an indication for special care for covid patients,,,
260,,,,,,,,"When did the Chinese authorities share the sequence of a novel covid, How long did it take to publish the full genomic sequence of covid after it was identified",,,
261,,,,,,,,Is the orf1ab gene at the 3' or 5' end of the bovine covid genome,,,
262,,,,,,,,What are the descriptive statistics for the onset-to-death for covid,,,
263,,,,,,,,What could account for the high transmission rate of the covid virus,,,
264,,,,,,,,What was the fatality rate for SARS-CoV,,,
265,,,,,,,,How do SARS-CoV viral proteins interact with the immune response,,,
266,,,,,,,,What is the contrast with SARS-COV and MERS=COV,,,
267,,,,,,,,When did the World Health Organization (WHO) officially declare the covid epidemic as a Public Health Emergency of International Concern,,,
269,,,,,,,,What was the reservoir for SARS-CoV and MERS-CoV,,,
270,,,,,,,,How does cell-entry differ between SARS-CoV and MERS-CoV,,,
271,,,,,,,,What is the relationship between SARS-CoV and acute respiratory distress syndrome (ARDS),,,
272,,,,,,,,How does the transmissibility of covid compare with other viruses,,,
273,,,,,,,,Why is it proposed that some bat SL-CoVs may be able to directly infect human hosts,,,
274,,,,,,,,What was the role of corticosteroid use in hospitalized patients with SARS-CoV,,,
275,,,,,, ,,What does the SARS-CoV protein activate,,,
276,,,,,,,,What platform was instrumental in rapid sharing of covid information,,,
277,,,,,,,,Where can published genomic sequences be found for the covid virus,,,
278,,,,,,,,How do most bat SARSr-COV differ from covid and human SARS-COV,,,
279,,,,,,,,When does the infectivity of SARS-COV peak,,,
280,,,,,,,,What is a recent discovery,,,
281,,,,,,,,Which immune factors were associated with increased SARS-CoV morbidity and mortality,,,
282,,,,,,,,What is the RNA of the covid,,,
283,,,,,,,,Why is it statistically impossible to determine which individual intervention had the greatest effect on reducing the covid reproduction number,,,
284,,,,,,,,When did the WHO declare COVID to be a Public Health Emergency of International Concern,,,
285,,,,,,,,What type of virus is covid,,,
286,,,,,,,,What were the common HCOV strains in the 5 year USA study,,,
287,,,,,,,,Why is it highly unlikely that RaTG13 CoV is the immediate source of covid. ,,,
288,,,,,,,,What genes have been targeted for the diagnostic RT-PCR tests in covid,,,
289,,,,,,,,What's the recommended procedure to disinfect at CT scanner after a covid exposure,,,
290,,,,,,,,What is the acronym covid,,,
291,,,,,,,,What is required for a person to survive a serious SARS-CoV infection,,,
292,,,,,,,,What factor positively correlates with imported-and-reported cases counts of covid infection,,,
293,,,,,,,,What are main steps for mitigating the COVID -19 transmission during transport of suspected and confirmed patients,,,
294,,,,,,,,What is the recovery benefit of carageenan in patients with any respiratory virus,,,
295,,,,,,,,What is the family of the SARS covid,,,
296,,,,,,,,What kind of masks are recommended to protect healthcare workers from covid exposure,,which covid mask works,do covid masks have to be a specific material
297,,,,,,,,With the intervention of movement restrictions starting on 5th February 2020 what were the confirmed cases for covid were limited to,,,
298,,,,,,,,What age group had the most MERS-COV infections,,,
299,,,,,,,,What is the distance between the p4.7 and p12.7 genes in the Irish versus Japanese equine covid variants,,,
300,,,,,,,,What do HCoV-OC43 and HCoV-HKU1 cause,,,
301,,,,,,,,What thickness of layers is recommended for CT image reconstruction in covid assessment,,,
302,,,,,,,,What animals do gamma and delta covid mainly infect,,,
303,,,,,,,,What is the role of computed tomography (CT) in covid,,,
304,,,,,,,,What is the estimated infection-to-death distribution's mean for covid,,,
305,,,,,,,,What type of virus is covid,,,
306,,,,,,,,Is the SARS covid enveloped,,,
307,,,,,,,,How many laboratory-confirmed cases of SARS covid infections were reported between November 2002 and July 2003,,,
308,,,,,,,,When was World Health Organization (WHO) first notified about the covid epidemic in Wuhan City China,,,
309,,,,,,,,How does transmission differ between SARS-CoV and MERS-CoV,,,
310,,,,,,,,"How long did it take to identify the cause of covid, When was SARS-CoV first identified, When was covid first identified, When was the novel covid first reported, When was the first case of covid identified, Where and when was covid first identified, Where was covid first identified",,,
311,,,,,,,,What is the role of interferon's (IFNs) in the treatment of SARS-CoV,,,
312,,,,,,,,What is the doubling time of the covid pandemic,,,
313,,,,,,,,When was COVID surveillance implemented in European region,,,
314,,,,,,,,what similarity human SARS-COV and palm civet SARSlike COV share,,,
315,,,,,,,,Where was the second reported case of COVID in the United States,,,
316,,,,,,,,How many amino acids are in the SARS-CoV E protein,,,
317,,,,,,,,Is oral swab for detecting covid infection sufficient,,,
318,,,,,,,,Which is the source animal for the MERS-COV,,,
319,,,,,,,,Why is important to determine the spectrum of clinical manifestations of covid infections,,,
320,,,,,,,,How do the S1 subunits compare with that of SARS-likeCOV and human SARS-COV,,,
321,,,,,,,,What was done to test if an intermediate host may not be necessary and that some bat SL-CoVs may be able to directly infect human hosts. T,,,
322,,,,,,,,"What was the covid reservoir, What is a natural reservoir of covid",,,
323,,,,,,,,What is an example of a case-based measure against covid,,,
324,,,,,,,,What was the primary threatening clinical finding in patients infected with SARS-CoV and MERS-CoV,,,
325,,,,,,,,When was the second covid case reported in the US,,,
326,,,,,,,,How do SARS-CoV and MERS-CoV evade the immune system sensing it's genome,,,
327,,,,,,,,What is the prognostic role of coinfection in SARS-CoV and MERS-CoV infections,,,
328,,,,,,,,What is the global coverage of influenza and pneumonia vaccines,,,
329,,,,,,,,What type of covid was detected in R. affinis and R. sinicus species,,,
330,,,,,,,,What role does initial viral titer play in the prognosis of SARS-CoV and MERS-CoV,,,
331,,,,,,,,How does the pathogenicity of covid compare with other viruses,,,
332,,,,,,,,Why were civets proposed to be an intermediate host of the bat-CoVs capable of spreading SARS CoV to humans,,,
333,,,,,,,,Why is there high uncertainty in estimating the impact of interventions against the covid,,,
335,,,,,,,,What is the size of the orf1ab gene in bovine covid,,,
336,,,,,,,,Estimated number of people in Italy infected with covid by March 28th,,,
337,,,,,,,,What type of ion channels are formed by the SARS-CoV E protein,,,
339,,,,,,,,What is the timeline of the type I interferon (IFN) response in SARS-CoV infection,,,
340,,,,,,,,What are the most revealing signs that covid evolved by natural evolution. ,,,
341,,,,,,,,What can be the main challenges in managing a hospital outbreak of covid,,,
342,,,,,,,,How many types of covides are known to cause human disease,,,
343,,,,,,,,What is the structure of the covid,,,
345,,,,,,,,What spurred the discovery of the new vector Ae. albopictus,,,
346,,,,,,,,What was the prevalence of covid OC43 in community samples in Ilorin Nigeria,,,
347,,,,,,,,When was the novel covid first reported,,,
348,,,,,,,,"How are covid and SARS-COV similar, How much similarity the covid genome sequence has with SARS-COV",,which covid is sars,
349,,,,,,,,Is the SARS covid single-stranded or double-stranded,,,
350,,,,,,,,What is the genome size of the covid,,,
351,,,,,,,,What are the descriptive statistics for the incubation period for covid,,,
352,,,,,,,,Use of SIR/SEIR model in Statistics-Based Predictions of covid Epidemic Spreading,,,
353,,,,,,,,What type of test was initially developed to screen for covid,,,
354,,,,,,,,What could account for the dissemination of the covid virus across the whole body,,,
355,,,,,,,,What is the Case fatality rate for MERS covid,,,
356,,,,,,,,What other betacovides are zoonotic in origin,,,
357,,,,,,,,How much is the difference between the human covid and the bat RaTG13-CoV,,,
358,,,,,,,,How is the covid referred to,,,
359,,,,,,,,What was attributed to the spread of SARS-COV at Amoy Gardens,,,
360,,,,,,,,What orf8 length do Human SARS-CoVs isolated from early-phase patients all civet SARS-CoVs and other bat SARS-related CoVs contain,,,
362,,,,,,,,What is the median time until death in MERS-COV,,,
363,,,,,,,,What is the treatment for MERS-COV,,,
364,,,,,,,,How many states in the U.S. have reported cases of covid,,,
365,,,,,,,,How did the SARS-CoV gain elevated replication and lung pathogenesis in aged mice ,,,
366,,,,,,,,Why are Nucleic amplification tests (NAAT) usually preferred as in the case of MERS-CoV diagnosis,,,
367,,,,,,,,What do mild clinical presentations of covid indicate,,,
368,,,,,,,,What is the difference between the Tokachi09 and Irish covid genomic sequences,,,
369,,,,,,,,Mechanism of action of Chloroquine(CQ) and Hydroxychloroquine(HCQ) against covid,,,
370,,,,,,,,Where have most outbreaks of equine covid occurred in the United States,,,
371,,,,,,,,How does the genome of 2019-vCOV compare with  SARS like viruses and SARS-COV,,,
372,,,,,,,,What suggests that Irish equine covides may have a low genetic diversity,,,
373,,,,,,,,What is a major difference in clinical progression between SARS-CoV and MERS-CoV,,,
374,,,,,,,,How big was the temporary hospital built in Wuhan City for treatment of covid patients,,,
375,,,,,,,,Being closest to covid which species do the two bat SARS-related covid ZXC21 and ZC45 infect,,,
376,,,,,,,,,How to put on use take off and dispose of a mask,,
377,,,,,,,,,,do covid patients need blood,
378,,,,,,,,,,does covid cause permanent lung damage,does covid cause permament lung damage
379,,,,,,,,,,have covid with no symptoms,
380,,,,,,,,,,should covid patients take advil,
381,,,,,,,,,,"should covid patients take ibuprofen, should covid patients avoid ibuprofen",
382,,,,,,,,,,which covid start,
383,,,,,,,,,,"which covid symptoms appear first, which covid symptoms come first",which covid symptom is first
384,,,,,,,,,,who's covid solidarity response fund,
385,,,,,,,,,,who is covid patient 0,
386,,,,,,,,,,"why covid dangerous, why covid so dangerous",why covid is dangerous
387,,,,,,,,,,will covid end the world,will covid kill us all
388,,,,,,,,,,,are covid test kits increasing
389,,,,,,,,,,,did covid come from pangolin
390,,,,,,,,,,,did covid infects infant
391,,,,,,,,,,,do covid fevers come and go
392,,,,,,,,,,,has covid hit russia
393,,,,,,,,,,,has covid reached hawaii
394,,,,,,,,,,,is covid a hoax
395,,,,,,,,,,,was covid released on purpose
396,,,,,,,,,,,when does fever start with covid
397,,,,,,,,,,,when are you contagious with covid
398,,,,,,,,,,,where is covid
399,,,,,,,,,,,where to donate for covid
400,,,,,,,,,,,which states have the most cases of covid
401,,,,,,,,,,,which actor died from covid
402,,,,,,,,,,,which congressman has covid
403,,,,,,,,,,,which oklahoma counties have covid
404,,,,,,,,,,,which lakers players have covid
405,,,,,,,,,,,"why covid is not the flu, why covid is different than the flu"
406,,,,,,,,,,,why covid is different
407,,,,,,,,,,,why covid is contagious